question_id,exercise_id,question_text,option_a,option_b,option_c,option_d,correct_answer,marks,display_order,image_data,image_mime_type,image_path,image_url
3528,357,"In a galvanic (voltaic) cell, chemical energy is converted to electrical energy through spontaneous redox reactions. Which statement is true for a galvanic cell?",The emf is always positive,The anode is positive and reduction occurs,The cathode is negative and oxidation occurs,The reaction is endothermic,A,1,1,,,,/uploads/questions/electrochemistry_exercise_1_question_1.jpg
3529,357,"According to the mnemonic AN OX, oxidation occurs at the anode. In an electrolytic cell, the anode is:",Negative and reduction occurs,Positive and oxidation occurs,Negative and oxidation occurs,Positive and reduction occurs,B,1,2,,,,/uploads/questions/electrochemistry_exercise_1_question_2.jpg
3530,357,"In the electrolysis of a solution containing chloride ions (Cl⁻) and sulphate ions (SO₄²⁻), what product is formed at the anode?",Oxygen gas (O₂),Hydrogen gas (H₂),Chlorine gas (Cl₂),Sodium metal (Na),C,1,3,,,,/uploads/questions/electrochemistry_exercise_1_question_3.jpg
3619,366,"Sodium hydrogen carbonate (NaHCO3, baking soda) is a weak base. Which ion is responsible for the basic nature of the solution?",Na+,HCO3-,H2O,OH-,B,1,2,,,,/uploads/questions/acids_and_bases_exercise_5_question_2.jpg
3689,373,Which toxic metal is used in the mercury cell?,Lead,Cadmium,Mercury,Arsenic,C,1,2,,,,/uploads/questions/chlor_alkali_exercise_2_question_2.jpg
3618,366,Phosphoric acid (H3PO4) is a triprotic acid. How many protons can it donate?,1,2,3,4,C,1,1,,,,/uploads/questions/acids_and_bases_exercise_5_question_1.jpg
3531,357,"A student constructs a galvanic cell using a zinc strip in a zinc ion solution and a copper strip in a copper ion solution. A salt bridge containing KCl connects the two half-cells. A voltmeter connected between the electrodes shows a positive reading. In this Zn/Cu cell, electrons flow from:",Copper to zinc through the salt bridge,Zinc to copper through the salt bridge,Copper to zinc through the external circuit,Zinc to copper through the external circuit,D,1,4,,,,/uploads/questions/electrochemistry_exercise_1_question_4.jpg
3532,357,"For a redox reaction to be spontaneous (occur without added energy), the cell potential (E°cell) must be:",Positive,Negative,Zero,Undefined,A,1,5,,,,/uploads/questions/electrochemistry_exercise_1_question_5.jpg
3533,357,"In the refining of copper by electrolysis, impure copper is used as the anode and pure copper is used as the cathode. The electrolyte is a copper(II) sulphate solution. What happens at the anode during this process?",Cu²⁺(aq) + 2e⁻ → Cu(s),Cu(s) → Cu²⁺(aq) + 2e⁻,2H₂O → O₂(g) + 4H⁺ + 4e⁻,2H⁺ + 2e⁻ → H₂(g),B,1,6,,,,/uploads/questions/electrochemistry_exercise_1_question_6.jpg
3534,357,"In the extraction of aluminium from bauxite, cryolite (Na₃AlF₆) is added to the aluminium oxide (Al₂O₃). What is the purpose of adding cryolite?",To increase the melting point of Al₂O₃,To act as a reducing agent,To lower the melting point and reduce electricity requirements,To prevent the formation of oxygen gas,C,1,7,,,,/uploads/questions/electrochemistry_exercise_1_question_7.jpg
3535,357,Which method can be used to protect underground iron pipes from rusting by using a more reactive metal that is oxidised instead of the iron?,Electroplating,Galvanising,Painting,Cathodic protection using magnesium,D,1,8,,,,/uploads/questions/electrochemistry_exercise_1_question_8.jpg
3536,357,The standard hydrogen electrode has been assigned a half-cell potential of 0.00 V under standard conditions. What are the standard conditions for electrode potential measurements?,"25°C, 1 mol·dm⁻³, 101.3 kPa","0°C, 1 mol·dm⁻³, 100 kPa","25°C, 0.1 mol·dm⁻³, 101.3 kPa","100°C, 1 mol·dm⁻³, 100 kPa",A,1,9,,,,/uploads/questions/electrochemistry_exercise_1_question_9.jpg
3537,357,"In the cell notation Zn(s) / Zn²⁺(aq) // Cu²⁺(aq) / Cu(s), which electrode is the anode?",Cu(s) on the right,Zn(s) on the left,Cu²⁺(aq) on the right,Zn²⁺(aq) on the left,B,1,10,,,,/uploads/questions/electrochemistry_exercise_1_question_10.jpg
3719,376,What is the main use of chlorine gas in the chlor-alkali industry?,Hydrogenation of oils,Disinfection of water,Paper production,Soap production,B,1,2,,,,/uploads/questions/chlor_alkali_exercise_5_question_2.jpg
3538,358,"In a galvanic cell, what is the function of the salt bridge?",To allow electron flow between the half-cells,To allow ion flow to maintain electrical neutrality,To prevent the redox reaction from occurring,To increase the voltage of the cell,B,1,1,,,,/uploads/questions/electrochemistry_exercise_2_question_1.jpg
3539,358,"In the electrolysis of molten sodium chloride (NaCl), what products are formed at the cathode and anode?","Na metal at the cathode, Cl₂ gas at the anode","Cl₂ gas at the cathode, Na metal at the anode","NaOH at the cathode, Cl₂ at the anode","H₂ gas at the cathode, O₂ gas at the anode",A,1,2,,,,/uploads/questions/electrochemistry_exercise_2_question_2.jpg
3540,358,"On the electrochemical series, which metal has the most negative reduction potential?",Cu,Ag,Zn,Li,D,1,3,,,,/uploads/questions/electrochemistry_exercise_2_question_3.jpg
3541,358,"In the electrolysis of water, what is the ratio of the volume of hydrogen gas produced to the volume of oxygen gas produced?",1:1,2:1,1:2,3:1,B,1,4,,,,/uploads/questions/electrochemistry_exercise_2_question_4.jpg
3542,358,"In a galvanic cell, which electrode is the anode?",The electrode where reduction occurs,The electrode where oxidation occurs,The electrode with a positive charge,The electrode with the higher concentration,B,1,5,,,,/uploads/questions/electrochemistry_exercise_2_question_5.jpg
3543,358,"In electroplating, what is the purpose of using a silver anode?",To oxidise the steel spoon,To reduce silver ions to silver metal,To supply silver ions to the solution as the anode dissolves,To increase the voltage of the cell,C,1,6,,,,/uploads/questions/electrochemistry_exercise_2_question_6.jpg
3544,358,What is the order of reducing agent strength based on the electrochemical series?,The more positive E° values are stronger reducing agents,The more negative E° values are stronger reducing agents,All metals are equal,Non-metals are stronger reducing agents than metals,B,1,7,,,,/uploads/questions/electrochemistry_exercise_2_question_7.jpg
3545,358,"In the electrolysis of copper(II) sulphate solution using inert carbon electrodes, what is formed at the cathode?",Hydrogen gas (H₂),Oxygen gas (O₂),Copper metal (Cu),Sulphur dioxide (SO₂),C,1,8,,,,/uploads/questions/electrochemistry_exercise_2_question_8.jpg
3546,358,Why is magnesium used to protect the steel hull of a ship from corrosion?,Magnesium is a stronger oxidising agent,Magnesium is less reactive than steel,Magnesium is more reactive than iron and is oxidised instead,Magnesium forms a protective oxide layer on the steel,C,1,9,,,,/uploads/questions/electrochemistry_exercise_2_question_9.jpg
3547,358,"The standard hydrogen electrode (SHE) is assigned a potential of 0.00 V. If the Cu²⁺/Cu half-cell has an E° = +0.34 V, what is the overall cell potential when the SHE and Cu half-cell are connected?",+0.34 V,-0.34 V,0.00 V,0.68 V,A,1,10,,,,/uploads/questions/electrochemistry_exercise_2_question_10.jpg
3548,359,What is the purpose of the salt bridge in a galvanic cell?,To provide a path for electron flow,To allow ions to flow and balance charge,To increase the voltage of the cell,To act as an electrode,B,1,1,,,,/uploads/questions/electrochemistry_exercise_3_question_1.jpg
3549,359,"In the extraction of aluminium, why does the carbon anode need to be replaced regularly?",It becomes coated with aluminium,It reacts with the oxygen gas produced to form CO₂,It dissolves in the molten cryolite,It is consumed by the Al³⁺ ions,B,1,2,,,,/uploads/questions/electrochemistry_exercise_3_question_2.jpg
3550,359,What is the strongest oxidising agent on the electrochemical series?,Li⁺,F₂,H₂O,Na⁺,B,1,3,,,,/uploads/questions/electrochemistry_exercise_3_question_3.jpg
3551,359,"In the electrorefining of copper, what is the role of the pure copper cathode?",It dissolves into the solution,It provides electrons to the circuit,It receives copper ions and becomes thicker,It prevents impurities from entering the solution,C,1,4,,,,/uploads/questions/electrochemistry_exercise_3_question_4.jpg
3552,359,"In the galvanic cell notation Zn(s) / Zn²⁺(aq) // Cu²⁺(aq) / Cu(s), the double vertical line (//) represents:",The anode,The cathode,The salt bridge,The external circuit,C,1,5,,,,/uploads/questions/electrochemistry_exercise_3_question_5.jpg
3553,359,"In the electrolysis of brine (concentrated NaCl solution), what products are formed at the cathode and anode?","H₂ gas at the cathode, Cl₂ gas at the anode","Cl₂ gas at the cathode, H₂ gas at the anode","Na metal at the cathode, Cl₂ gas at the anode","H₂ gas at the cathode, O₂ gas at the anode",A,1,6,,,,/uploads/questions/electrochemistry_exercise_3_question_6.jpg
3554,359,What is the cell potential (E°cell) for the reaction Zn(s) + Cu²⁺(aq) → Zn²⁺(aq) + Cu(s) using E°(Zn²⁺/Zn) = -0.76 V and E°(Cu²⁺/Cu) = +0.34 V?,-0.42 V,+0.42 V,+1.10 V,-1.10 V,C,1,7,,,,/uploads/questions/electrochemistry_exercise_3_question_7.jpg
3555,359,"In the electrolysis of water, which gas is produced at the cathode and which gas is produced at the anode?","H₂ gas at the cathode, O₂ gas at the anode","O₂ gas at the cathode, H₂ gas at the anode","CO₂ gas at the cathode, H₂ gas at the anode","Cl₂ gas at the cathode, O₂ gas at the anode",A,1,8,,,,/uploads/questions/electrochemistry_exercise_3_question_8.jpg
3556,359,How does galvanising protect iron from rusting?,A layer of paint is applied to the iron,"A layer of zinc is applied, which is more reactive and corrodes instead of iron","A layer of copper is applied, which is less reactive",A layer of oil is applied to prevent water contact,B,1,9,,,,/uploads/questions/electrochemistry_exercise_3_question_9.jpg
3557,359,What is the standard reduction potential of the standard hydrogen electrode (SHE)?,+0.34 V,0.00 V,-0.76 V,+1.10 V,B,1,10,,,,/uploads/questions/electrochemistry_exercise_3_question_10.jpg
3558,360,"In a galvanic cell, the cell potential is positive. What does a positive E°cell indicate?",The reaction is non-spontaneous,The reaction is spontaneous,The reaction has reached equilibrium,The reaction requires an external voltage,B,1,1,,,,/uploads/questions/electrochemistry_exercise_4_question_1.jpg
3559,360,"During the electrolysis of NaCl solution, why is chlorine gas produced at the anode instead of oxygen gas?",Cl⁻ ions are more easily reduced than water,Cl⁻ ions are more easily oxidised than water,Water is more easily oxidised than Cl⁻ ions,Chlorine gas is more soluble in water than oxygen gas,B,1,2,,,,/uploads/questions/electrochemistry_exercise_4_question_2.jpg
3560,360,What is the order of oxidising agent strength based on the electrochemical series?,The more negative E° values are stronger oxidising agents,The more positive E° values are stronger oxidising agents,All metals are equal,Non-metals are weaker oxidising agents than metals,B,1,3,,,,/uploads/questions/electrochemistry_exercise_4_question_3.jpg
3745,378,What is the speed of light in a vacuum?,3 × 10⁷ m·s⁻¹,3 × 10⁸ m·s⁻¹,3 × 10⁹ m·s⁻¹,3 × 10¹⁰ m·s⁻¹,B,1,8,,,,/uploads/questions/doppler_effect_exercise_2_question_8.jpg
3561,360,"In a Zn/Cu galvanic cell, why do Cl⁻ ions move into the salt bridge from the anode side?",To balance the charge as Zn²⁺ ions are produced,To provide electrons to the circuit,To increase the voltage of the cell,To prevent the redox reaction,A,1,4,,,,/uploads/questions/electrochemistry_exercise_4_question_4.jpg
3562,360,"In the electrolysis of molten magnesium chloride (MgCl₂), what is formed at the cathode?",Mg metal,Cl₂ gas,H₂ gas,O₂ gas,A,1,5,,,,/uploads/questions/electrochemistry_exercise_4_question_5.jpg
3563,360,"Using the cell notation Fe(s) / Fe²⁺(aq) // Ag⁺(aq) / Ag(s), which electrode is the anode?",Ag(s),Fe(s),Ag⁺(aq),Fe²⁺(aq),B,1,6,,,,/uploads/questions/electrochemistry_exercise_4_question_6.jpg
3564,360,"If iron (E° = -0.44 V) and zinc (E° = -0.76 V) are connected in an electrolyte, which metal will corrode first?",Iron,Zinc,Both equally,Neither,B,1,7,,,,/uploads/questions/electrochemistry_exercise_4_question_7.jpg
3565,360,"In the electrolysis of CuSO₄ solution with carbon electrodes, what is formed at the anode?",Cu metal,H₂ gas,O₂ gas,SO₂ gas,C,1,8,,,,/uploads/questions/electrochemistry_exercise_4_question_8.jpg
3566,360,Which metal is commonly used as a sacrificial anode to protect steel structures from corrosion?,Copper,Silver,Magnesium,Platinum,C,1,9,,,,/uploads/questions/electrochemistry_exercise_4_question_9.jpg
3567,360,What is the standard electrode potential of the standard hydrogen electrode (SHE)?,+0.34 V,-0.76 V,0.00 V,+1.10 V,C,1,10,,,,/uploads/questions/electrochemistry_exercise_4_question_10.jpg
3568,361,What is the function of the salt bridge in a galvanic cell?,To allow electron flow between the electrodes,To allow ion flow to maintain charge balance,To increase the voltage of the cell,To act as the electrolyte,B,1,1,,,,/uploads/questions/electrochemistry_exercise_5_question_1.jpg
3569,361,"In the electrolysis of molten lead(II) bromide (PbBr₂), what product is formed at the cathode?",Pb metal,Br₂ gas,H₂ gas,O₂ gas,A,1,2,,,,/uploads/questions/electrochemistry_exercise_5_question_2.jpg
3570,361,What is the weakest reducing agent in the electrochemical series?,Na,Mg,Fe,Ag,D,1,3,,,,/uploads/questions/electrochemistry_exercise_5_question_3.jpg
3571,361,"In the electrolysis of an aqueous solution, what determines which ions are reduced at the cathode?",The concentration of ions in solution,The position of the ions on the electrochemical series,The temperature of the solution,The colour of the solution,B,1,4,,,,/uploads/questions/electrochemistry_exercise_5_question_4.jpg
3572,361,"What is the cell potential (E°cell) for the reaction Zn(s) + Cu²⁺(aq) → Zn²⁺(aq) + Cu(s)? E°(Zn²⁺/Zn) = -0.76 V, E°(Cu²⁺/Cu) = +0.34 V.",-0.42 V,+0.42 V,+1.10 V,-1.10 V,C,1,5,,,,/uploads/questions/electrochemistry_exercise_5_question_5.jpg
3573,361,"In the electroplating of a spoon with silver, what is the purpose of the silver anode?",To reduce Ag⁺ ions to Ag metal,To supply Ag⁺ ions to the solution,To act as the cathode,To increase the voltage,B,1,6,,,,/uploads/questions/electrochemistry_exercise_5_question_6.jpg
3574,361,What is the strongest reducing agent on the electrochemical series?,Li,F⁻,Cu,Ag,A,1,7,,,,/uploads/questions/electrochemistry_exercise_5_question_7.jpg
3575,361,What are the products of the electrolysis of brine (concentrated NaCl solution)?,"NaOH, H₂, Cl₂","NaCl, H₂, O₂","NaOH, O₂, Cl₂","NaCl, H₂, Cl₂",A,1,8,,,,/uploads/questions/electrochemistry_exercise_5_question_8.jpg
3576,361,Why are zinc anodes used to protect steel ships from rusting?,Zinc is less reactive than steel,Zinc forms a protective oxide layer on the steel,Zinc is more reactive than steel and corrodes instead of steel,Zinc is a better electrical conductor than steel,C,1,9,,,,/uploads/questions/electrochemistry_exercise_5_question_9.jpg
3577,361,The standard hydrogen electrode (SHE) is used as a reference electrode. What is its standard reduction potential?,0.00 V,+0.34 V,-0.76 V,+1.10 V,A,1,10,,,,/uploads/questions/electrochemistry_exercise_5_question_10.jpg
3578,362,Which statement correctly describes the difference between the two acid solutions shown?,HCl is a concentrated acid while CH3COOH is a dilute acid,HCl is a strong acid while CH3COOH is a weak acid,HCl is a weak acid while CH3COOH is a strong acid,HCl is a dilute acid while CH3COOH is a concentrated acid,B,1,1,,,,/uploads/questions/acids_and_bases_exercise_1_question_1.jpg
3579,362,What is the pH range for a strong acid and a strong base respectively?,pH 1-2 and pH 12-14,pH 3-6 and pH 8-11,pH 7 and pH 7,pH 1-2 and pH 8-11,A,1,2,,,,/uploads/questions/acids_and_bases_exercise_1_question_2.jpg
3580,362,What is the difference between the equivalence point and the endpoint in an acid-base titration?,The equivalence point is where the indicator changes colour; the endpoint is where the acid and base have completely reacted,The equivalence point is where the acid and base have completely reacted; the endpoint is where the indicator changes colour,Both terms mean the same thing,The equivalence point is only for strong acids; the endpoint is only for weak acids,B,1,3,,,,/uploads/questions/acids_and_bases_exercise_1_question_3.jpg
3581,362,Which indicator is most suitable for the titration of a strong acid with a strong base?,Methyl orange only,Phenolphthalein only,Both methyl orange and phenolphthalein,Bromothymol blue only,C,1,4,,,,/uploads/questions/acids_and_bases_exercise_1_question_4.jpg
3582,362,"In the reaction CH3COOH + H2O ⇌ H3O+ + CH3COO-, which is the conjugate acid of H2O?",H3O+,CH3COOH,CH3COO-,OH-,A,1,5,,,,/uploads/questions/acids_and_bases_exercise_1_question_5.jpg
3583,362,Which salt solution would have a pH less than 7 (acidic) when dissolved in water?,NaCl,NH4Cl,CH3COONa,CH3COONH4,B,1,6,,,,/uploads/questions/acids_and_bases_exercise_1_question_6.jpg
3584,362,Calculate the pH of a 0.01 mol·dm⁻³ solution of HCl (a strong acid).,1,2,12,13,B,1,7,,,,/uploads/questions/acids_and_bases_exercise_1_question_7.jpg
3585,362,Calculate the pH of a 0.01 mol·dm⁻³ solution of NaOH (a strong base). (Kw = 1×10⁻¹⁴ at 25°C),2,7,12,14,C,1,8,,,,/uploads/questions/acids_and_bases_exercise_1_question_8.jpg
3586,362,Sulphuric acid (H2SO4) is a polyprotic acid. How many protons can it donate?,1,2,3,4,B,1,9,,,,/uploads/questions/acids_and_bases_exercise_1_question_9.jpg
3587,362,What volume of 2.0 mol·dm⁻³ HCl is needed to prepare 500 cm³ of 0.5 mol·dm⁻³ HCl?,125 cm³,250 cm³,500 cm³,1000 cm³,A,1,10,,,,/uploads/questions/acids_and_bases_exercise_1_question_10.jpg
3588,363,"In a titration, 25.00 cm³ of 0.1 mol·dm⁻³ NaOH is required to neutralise 20.00 cm³ of HCl. What is the concentration of the HCl?",0.08 mol·dm⁻³,0.10 mol·dm⁻³,0.125 mol·dm⁻³,0.20 mol·dm⁻³,C,1,1,,,,/uploads/questions/acids_and_bases_exercise_2_question_1.jpg
3589,363,What is the purpose of a standard solution in acid-base titrations?,To neutralise the acid being titrated,To have a solution of known concentration,To change the colour of the indicator,To act as a catalyst,B,1,2,,,,/uploads/questions/acids_and_bases_exercise_2_question_2.jpg
3590,363,What is the conjugate acid of NH3?,NH4+,NH2-,OH-,H2O,A,1,3,,,,/uploads/questions/acids_and_bases_exercise_2_question_3.jpg
3591,363,Which indicator would be most suitable for the titration of a weak acid (CH3COOH) with a strong base (NaOH)? (End point occurs around pH 8.7),Methyl orange (pH 3.1-4.4),Bromothymol blue (pH 6.0-7.6),Phenolphthalein (pH 8.3-10.0),Litmus (pH 4.5-8.3),C,1,4,,,,/uploads/questions/acids_and_bases_exercise_2_question_4.jpg
3592,363,Write the balanced equation for the neutralisation reaction between HCl and NaOH.,HCl + NaOH → NaCl + H2O,HCl + NaOH → NaCl + H2,HCl + NaOH → NaCl + H2O2,HCl + NaOH → NaCl + OH-,A,1,5,,,,/uploads/questions/acids_and_bases_exercise_2_question_5.jpg
3593,363,"In the reaction H2SO4 + H2O ⇌ HSO4- + H3O+, identify the conjugate acid-base pair that includes H2O.",H2O/H3O+,H2O/HSO4-,H2O/H2SO4,H2O/OH-,A,1,6,,,,/uploads/questions/acids_and_bases_exercise_2_question_6.jpg
3594,363,Calculate the pH of a 0.01 mol·dm⁻³ solution of H2SO4 (a strong diprotic acid).,1.0,1.7,2.0,12.0,B,1,7,,,,/uploads/questions/acids_and_bases_exercise_2_question_7.jpg
3595,363,What is the value of Kw at 25°C?,1 × 10⁻¹⁴,1 × 10⁻⁷,14,7,A,1,8,,,,/uploads/questions/acids_and_bases_exercise_2_question_8.jpg
3596,363,Why is a solution of sodium acetate (CH3COONa) basic?,The Na+ ion hydrolyses to produce H3O+,The CH3COO- ion hydrolyses to produce OH-,The salt is acidic by nature,The salt is neutral by nature,B,1,9,,,,/uploads/questions/acids_and_bases_exercise_2_question_9.jpg
3597,363,What is the pH at the equivalence point for the titration of a weak acid (CH3COOH) with a strong base (NaOH)?,pH 7,pH > 7,pH < 7,pH 0,B,1,10,,,,/uploads/questions/acids_and_bases_exercise_2_question_10.jpg
3598,364,What is the acid ionisation constant expression (Ka) for CH3COOH?,Ka = [H3O+][CH3COO-] / [CH3COOH],Ka = [CH3COOH] / [H3O+][CH3COO-],Ka = [H3O+][CH3COO-] / [CH3COOH][H2O],Ka = [H3O+][CH3COO-][H2O] / [CH3COOH],A,1,1,,,,/uploads/questions/acids_and_bases_exercise_3_question_1.jpg
3599,364,"25.0 cm³ of 0.1 mol·dm⁻³ HCl is titrated with NaOH. If 20.0 cm³ of NaOH is required to reach the endpoint, what is the concentration of NaOH?",0.08 mol·dm⁻³,0.10 mol·dm⁻³,0.125 mol·dm⁻³,0.20 mol·dm⁻³,C,1,2,,,,/uploads/questions/acids_and_bases_exercise_3_question_2.jpg
3600,364,What is an amphiprotic substance?,A substance that can act only as an acid,A substance that can act only as a base,A substance that can act as either an acid or a base,A substance that is neutral,C,1,3,,,,/uploads/questions/acids_and_bases_exercise_3_question_3.jpg
3601,364,"What is the pH of a solution of ammonium chloride (NH4Cl) in water? (HCl is a strong acid, NH3 is a weak base)",pH 7,pH < 7,pH > 7,pH 0,B,1,4,,,,/uploads/questions/acids_and_bases_exercise_3_question_4.jpg
3602,364,What colour would universal indicator turn in a solution of pH 5?,Red,Yellow,Green,Blue,B,1,5,,,,/uploads/questions/acids_and_bases_exercise_3_question_5.jpg
3603,364,Which of the following is a strong acid?,CH3COOH,H2CO3,HCl,H3PO4,C,1,6,,,,/uploads/questions/acids_and_bases_exercise_3_question_6.jpg
3604,364,What is the difference between a concentrated acid and a dilute acid?,A concentrated acid is always a strong acid; a dilute acid is always a weak acid,A concentrated acid has a high pH; a dilute acid has a low pH,A concentrated acid has a large number of moles of acid per unit volume; a dilute acid has a small number of moles of acid per unit volume,A concentrated acid ionises completely; a dilute acid ionises incompletely,C,1,7,,,,/uploads/questions/acids_and_bases_exercise_3_question_7.jpg
3605,364,"Magnesium hydroxide, Mg(OH)2, is a strong base. How many hydroxide ions are produced per formula unit when it dissolves in water?",1,2,3,4,B,1,8,,,,/uploads/questions/acids_and_bases_exercise_3_question_8.jpg
3606,364,The pH of a 0.1 mol·dm⁻³ solution of CH3COOH is approximately 2.87. What does this indicate about the acid?,It is a strong acid because the pH is low,It is a weak acid because the pH is higher than expected for a strong acid of the same concentration,It is a concentrated acid,It is a dilute acid,B,1,9,,,,/uploads/questions/acids_and_bases_exercise_3_question_9.jpg
3607,364,What is the relationship between Ka and Kb for a conjugate acid-base pair?,Ka × Kb = Kw,Ka + Kb = Kw,Ka / Kb = Kw,Ka - Kb = Kw,A,1,10,,,,/uploads/questions/acids_and_bases_exercise_3_question_10.jpg
3608,365,What is the pH at the equivalence point for the titration of a strong acid with a strong base?,pH 7,pH > 7,pH < 7,pH 0,A,1,1,,,,/uploads/questions/acids_and_bases_exercise_4_question_1.jpg
3609,365,What is the correct way to read the volume from a burette?,Read from the top of the meniscus,Read from the bottom of the meniscus,Read from the middle of the meniscus,Read from the nearest whole number,B,1,2,,,,/uploads/questions/acids_and_bases_exercise_4_question_2.jpg
3610,365,"Why should concentrated sulphuric acid be added to water, not water to concentrated sulphuric acid?",To prevent the acid from boiling,To prevent the acid from freezing,To prevent the acid from splattering due to the exothermic reaction,To prevent the acid from dissolving the glass beaker,C,1,3,,,,/uploads/questions/acids_and_bases_exercise_4_question_3.jpg
3611,365,Oxalic acid ((COOH)2) is a diprotic acid. How many ionisation steps does it undergo?,1,2,3,4,B,1,4,,,,/uploads/questions/acids_and_bases_exercise_4_question_4.jpg
3612,365,Sodium carbonate (Na2CO3) is a weak base. Which ion is responsible for the basic nature of the solution?,Na+,CO3²⁻,H2O,HCO3-,B,1,5,,,,/uploads/questions/acids_and_bases_exercise_4_question_5.jpg
3613,365,What is the pH of a neutral solution at 25°C?,0,7,14,10⁻⁷,B,1,6,,,,/uploads/questions/acids_and_bases_exercise_4_question_6.jpg
3614,365,"According to the Arrhenius theory, an acid is a substance that:",Produces hydroxide ions (OH-) in water,Produces hydrogen ions (H+) in water,Accepts protons (H+),Donates protons (H+),B,1,7,,,,/uploads/questions/acids_and_bases_exercise_4_question_7.jpg
3615,365,Which of the following is a strong acid commonly used to produce fertilisers and explosives?,HNO3,CH3COOH,H2CO3,H3PO4,A,1,8,,,,/uploads/questions/acids_and_bases_exercise_4_question_8.jpg
3616,365,Which of the following is a weak base?,NaOH,KOH,NH3,Ca(OH)2,C,1,9,,,,/uploads/questions/acids_and_bases_exercise_4_question_9.jpg
3617,365,"In the titration of H2SO4 with NaOH, what is the mole ratio of NaOH to H2SO4?",1:1,2:1,1:2,3:1,B,1,10,,,,/uploads/questions/acids_and_bases_exercise_4_question_10.jpg
3620,366,"According to the Brønsted-Lowry theory, a base is a substance that:",Produces hydroxide ions (OH-) in water,Produces hydrogen ions (H+) in water,Accepts protons (H+),Donates protons (H+),C,1,3,,,,/uploads/questions/acids_and_bases_exercise_5_question_3.jpg
3621,366,"In an acidic solution, how does the equilibrium of an indicator (HIn ⇌ H+ + In-) shift, and what colour change occurs?","Shifts to the right, producing more In- (colour 2)","Shifts to the left, producing more HIn (colour 1)",No shift occurs,The indicator decomposes,B,1,4,,,,/uploads/questions/acids_and_bases_exercise_5_question_4.jpg
3622,366,What is the function of the white tile in a titration?,To heat the solution,To cool the solution,To provide a white background to see the colour change clearly,To stir the solution,C,1,5,,,,/uploads/questions/acids_and_bases_exercise_5_question_5.jpg
3623,366,Which of the following is a weak acid?,HCl,H2SO4,CH3COOH,HNO3,C,1,6,,,,/uploads/questions/acids_and_bases_exercise_5_question_6.jpg
3624,366,Calculate the pH of a 0.01 mol·dm⁻³ solution of KOH (a strong base).,2,7,12,14,C,1,7,,,,/uploads/questions/acids_and_bases_exercise_5_question_7.jpg
3625,366,Carbonic acid (H2CO3) is a diprotic acid. Which of the following is the correct order of ionisation?,H2CO3 → H+ + CO3²⁻ only,H2CO3 → H+ + HCO3- and HCO3- → H+ + CO3²⁻,H2CO3 → 2H+ + CO3²⁻ only,H2CO3 → H+ + HCO3- only,B,1,8,,,,/uploads/questions/acids_and_bases_exercise_5_question_8.jpg
3626,366,"For the titration of a strong acid (HCl) with a weak base (NH3), the equivalence point occurs at approximately pH 5.3. What type of salt is formed?",Neutral salt,Acidic salt,Basic salt,Insoluble salt,B,1,9,,,,/uploads/questions/acids_and_bases_exercise_5_question_9.jpg
3627,366,What is the relationship between the strength of an acid and the strength of its conjugate base?,They are directly proportional,They are inversely proportional,They are equal,There is no relationship,B,1,10,,,,/uploads/questions/acids_and_bases_exercise_5_question_10.jpg
3628,367,A chemical system is in dynamic equilibrium when:,The forward and reverse reactions occur at the same time and at the same rate,The forward reaction has stopped,The reverse reaction has stopped,All reactants have been converted to products,A,1,1,,,,/uploads/questions/chemical_equilibrium_exercise_1_question_1.jpg
3629,367,"For the reaction N₂(g) + 3H₂(g) ⇌ 2NH₃(g), ΔH < 0 (exothermic). According to Le Châtelier's Principle, what happens when the temperature is increased?",Forward reaction is favoured,Reverse reaction is favoured,No change occurs,Both reactions stop,B,1,2,,,,/uploads/questions/chemical_equilibrium_exercise_1_question_2.jpg
3630,367,"In the Kc expression for the reaction 2SO₂(g) + O₂(g) ⇌ 2SO₃(g), what is the correct numerator?",[SO₂]²[O₂],[SO₂]²,[SO₃]²,[SO₂]²[O₂] / [SO₃]²,C,1,3,,,,/uploads/questions/chemical_equilibrium_exercise_1_question_3.jpg
3631,367,"A closed system at equilibrium has the following concentrations: [H₂] = 0.5 mol·dm⁻³, [I₂] = 0.5 mol·dm⁻³, and [HI] = 1.0 mol·dm⁻³ for the reaction H₂(g) + I₂(g) ⇌ 2HI(g). The student adds more H₂ to the system. What happens immediately after the addition?",The reverse reaction rate increases,Both reaction rates remain equal,The system is no longer closed,The forward reaction rate increases,D,1,4,,,,/uploads/questions/chemical_equilibrium_exercise_1_question_4.jpg
3632,367,The Kc value for a reaction is 0.05 at 25°C. What does this indicate about the equilibrium?,Reactants are favoured over products,Products are favoured over reactants,The reaction is exothermic,The reaction is endothermic,A,1,5,,,,/uploads/questions/chemical_equilibrium_exercise_1_question_5.jpg
3633,367,"For the reaction N₂(g) + 3H₂(g) ⇌ 2NH₃(g), there are 4 moles of gas on the left and 2 moles of gas on the right. According to Le Châtelier's Principle, increasing the pressure will:",Favour the reverse reaction,Favour the forward reaction,Have no effect on equilibrium,Stop both reactions,B,1,6,,,,/uploads/questions/chemical_equilibrium_exercise_1_question_6.jpg
3634,367,A catalyst is added to an equilibrium system. What effect does this have on the equilibrium constant (Kc)?,Kc increases,Kc decreases,Kc remains unchanged,Kc becomes zero,C,1,7,,,,/uploads/questions/chemical_equilibrium_exercise_1_question_7.jpg
3635,367,Which of the following is NOT a factor that changes the value of Kc?,Temperature,Pressure,Catalyst,Both b and c,D,1,8,,,,/uploads/questions/chemical_equilibrium_exercise_1_question_8.jpg
3636,367,"In the Haber process, N₂(g) + 3H₂(g) ⇌ 2NH₃(g) (exothermic), a temperature of approximately 450°C is used as a compromise. Why is this temperature chosen rather than a lower temperature?",Lower temperature would decrease the reaction rate too much,Lower temperature would favour the reverse reaction,Higher temperature increases the yield of ammonia,The catalyst only works above 500°C,A,1,9,,,,/uploads/questions/chemical_equilibrium_exercise_1_question_9.jpg
3637,367,"For the reaction 2SO₂(g) + O₂(g) ⇌ 2SO₃(g) (exothermic), the Contact Process operates at about 1-2 atm rather than higher pressures. What is the main reason for this?",Higher pressure favours the reverse reaction,The yield of SO₃ is already above 90% at 1 atm,Higher pressure destroys the catalyst,SO₂ and O₂ cannot be compressed,B,1,10,,,,/uploads/questions/chemical_equilibrium_exercise_1_question_10.jpg
3638,368,"At equilibrium, which of the following remains constant?",The rate of the forward reaction only,The rate of the reverse reaction only,The concentrations of reactants and products,The temperature of the system only,C,1,1,,,,/uploads/questions/chemical_equilibrium_exercise_2_question_1.jpg
3639,368,"For the reaction 2NO₂(g) ⇌ N₂O₄(g), the forward reaction is exothermic. What colour change is observed when the temperature is decreased?",The brown colour intensifies (more NO₂),The brown colour fades (more N₂O₄),No colour change occurs,The colour changes to blue,B,1,2,,,,/uploads/questions/chemical_equilibrium_exercise_2_question_2.jpg
3640,368,Write the Kc expression for the reaction 2H₂S(g) + CH₄(g) ⇌ CS₂(g) + 4H₂(g).,Kc = [CS₂][H₂]⁴ / [H₂S]²[CH₄],Kc = [H₂S]²[CH₄] / [CS₂][H₂]⁴,Kc = [CS₂][H₂] / [H₂S][CH₄],Kc = [H₂S]²[CH₄] / [CS₂][H₂]⁴,A,1,3,,,,/uploads/questions/chemical_equilibrium_exercise_2_question_3.jpg
3641,368,"In the Haber process, why is ammonia removed as it forms?",To increase the pressure in the reactor,To shift the equilibrium to the right (more product),To cool the reactor,To prevent the catalyst from poisoning,B,1,4,,,,/uploads/questions/chemical_equilibrium_exercise_2_question_4.jpg
3642,368,"For the reaction CaCO₃(s) ⇌ CaO(s) + CO₂(g), why is the concentration of CaCO₃ and CaO omitted from the Kc expression?",They are gases,They are solids and their concentrations are constant,They are liquids,They are not part of the reaction,B,1,5,,,,/uploads/questions/chemical_equilibrium_exercise_2_question_5.jpg
3643,368,"For the reaction 2SO₂(g) + O₂(g) ⇌ 2SO₃(g), what happens to the volume of the system as the reaction proceeds towards products?",Volume increases,Volume decreases,Volume stays the same,Volume fluctuates,B,1,6,,,,/uploads/questions/chemical_equilibrium_exercise_2_question_6.jpg
3644,368,"In the Contact Process, why is a moderate temperature (400-450°C) used rather than a lower temperature?",Lower temperature favours the reverse reaction,Lower temperature would slow the reaction rate too much,Higher temperature increases the yield of SO₃,The catalyst requires high temperature to work,B,1,7,,,,/uploads/questions/chemical_equilibrium_exercise_2_question_7.jpg
3645,368,"For the reaction H₂(g) + I₂(g) ⇌ 2HI(g), Kc = 50 at 450°C. What is the significance of this Kc value?",Reactants are favoured,Products are favoured,The reaction has reached completion,No reaction occurs,B,1,8,,,,/uploads/questions/chemical_equilibrium_exercise_2_question_8.jpg
3646,368,"For an exothermic reaction, how does increasing the temperature affect the equilibrium position?",Favours the forward reaction (products),Favours the reverse reaction (reactants),Has no effect on equilibrium,Causes both reactions to stop,B,1,9,,,,/uploads/questions/chemical_equilibrium_exercise_2_question_9.jpg
3647,368,"In the Haber process, a pressure of approximately 200 atm is used. Why not use a higher pressure?",Higher pressure would decrease the yield of NH₃,Higher pressure is too expensive and dangerous,Higher pressure would favour the reverse reaction,Higher pressure destroys the catalyst,B,1,10,,,,/uploads/questions/chemical_equilibrium_exercise_2_question_10.jpg
3648,369,Which of the following statements is true when a reversible reaction reaches equilibrium?,The concentration of products increases continuously,The concentration of reactants decreases continuously,The concentrations of reactants and products remain constant,The reaction stops completely,C,1,1,,,,/uploads/questions/chemical_equilibrium_exercise_3_question_1.jpg
3649,369,"For the reaction N₂(g) + 3H₂(g) ⇌ 2NH₃(g), increasing the pressure will:",Favour the reverse reaction,Favour the forward reaction,Have no effect on equilibrium,Stop the reaction,B,1,2,,,,/uploads/questions/chemical_equilibrium_exercise_3_question_2.jpg
3650,369,Write the Kc expression for the reaction 2A(g) + 3B(g) ⇌ 4C(g).,Kc = [C]⁴ / [A]²[B]³,Kc = [A]²[B]³ / [C]⁴,Kc = [C] / [A][B],Kc = [A]²[B]³ / [C]⁴,A,1,3,,,,/uploads/questions/chemical_equilibrium_exercise_3_question_3.jpg
3651,369,"For the reaction 2SO₂(g) + O₂(g) ⇌ 2SO₃(g), adding more O₂ to the system will:",Favour the reverse reaction,Favour the forward reaction,Have no effect on equilibrium,Stop the reaction,B,1,4,,,,/uploads/questions/chemical_equilibrium_exercise_3_question_4.jpg
3652,369,"In the Haber process, a temperature of 450°C is used instead of the optimum yield temperature. Why?",To increase the percentage yield of ammonia,To decrease the rate of reaction,To achieve a reasonable rate of reaction while maintaining a reasonable yield,To prevent the reverse reaction from occurring,C,1,5,,,,/uploads/questions/chemical_equilibrium_exercise_3_question_5.jpg
3653,369,"For the reaction 2A(g) ⇌ B(g), increasing pressure will:",Favour the reverse reaction,Favour the forward reaction,Have no effect on equilibrium,Stop both reactions,B,1,6,,,,/uploads/questions/chemical_equilibrium_exercise_3_question_6.jpg
3654,369,"For the reaction PCl₅(g) ⇌ PCl₃(g) + Cl₂(g), Kc = 0.02 at 250°C. What does this indicate about the equilibrium?",Products are favoured,Reactants are favoured,The reaction is fast,The reaction is slow,B,1,7,,,,/uploads/questions/chemical_equilibrium_exercise_3_question_7.jpg
3655,369,A catalyst is added to an equilibrium system. What is the effect on the time taken to reach equilibrium?,Time is shorter,Time is longer,Time is unchanged,Equilibrium is never reached,A,1,8,,,,/uploads/questions/chemical_equilibrium_exercise_3_question_8.jpg
3656,369,"For the endothermic reaction N₂O₄(g) ⇌ 2NO₂(g), what happens when the temperature is increased?",Favours reactants (more N₂O₄),Favours products (more NO₂),No effect on equilibrium,Both reactions stop,B,1,9,,,,/uploads/questions/chemical_equilibrium_exercise_3_question_9.jpg
3657,369,"In the Contact Process, why is a temperature of 450°C chosen rather than a lower temperature that gives higher yield?",Lower temperature increases the rate of reaction,Lower temperature would slow the reaction rate too much,Higher temperature favours the forward reaction,The catalyst works only above 500°C,B,1,10,,,,/uploads/questions/chemical_equilibrium_exercise_3_question_10.jpg
3658,370,"At equilibrium, which of the following is true about the rates of the forward and reverse reactions?",The forward reaction is faster,The reverse reaction is faster,Both reactions have equal rates,Both reactions have stopped,C,1,1,,,,/uploads/questions/chemical_equilibrium_exercise_4_question_1.jpg
3659,370,"For the exothermic reaction 2SO₂(g) + O₂(g) ⇌ 2SO₃(g), increasing the temperature will:",Favour the forward reaction (more SO₃),Favour the reverse reaction (more SO₂ and O₂),Have no effect on equilibrium,Stop both reactions,B,1,2,,,,/uploads/questions/chemical_equilibrium_exercise_4_question_2.jpg
3660,370,Write the Kc expression for the reaction A(g) + 2B(g) ⇌ 3C(g).,Kc = [C]³ / [A][B]²,Kc = [A][B]² / [C]³,Kc = [C] / [A][B],Kc = [A][B] / [C]³,A,1,3,,,,/uploads/questions/chemical_equilibrium_exercise_4_question_3.jpg
3661,370,"In the Haber process, why are unreacted gases recycled?",To increase the pressure in the reactor,To increase the overall conversion of reactants to products,To cool the reactor,To prevent the catalyst from poisoning,B,1,4,,,,/uploads/questions/chemical_equilibrium_exercise_4_question_4.jpg
3662,370,"For the reaction 2A(s) + B(g) ⇌ C(g), why is the concentration of A omitted from the Kc expression?",It is a liquid,It is a solid and its concentration is constant,It is a gas,It is not part of the reaction,B,1,5,,,,/uploads/questions/chemical_equilibrium_exercise_4_question_5.jpg
3663,370,"For the reaction A + B ⇌ C + D, adding more A to the system will:",Favour the reverse reaction,Favour the forward reaction,Have no effect on equilibrium,Stop both reactions,B,1,6,,,,/uploads/questions/chemical_equilibrium_exercise_4_question_6.jpg
3690,373,Chlorine produced in the chlor-alkali industry is used for:,Producing margarine,Disinfecting water and producing PVC,Neutralising acids,Producing rocket fuel,B,1,3,,,,/uploads/questions/chlor_alkali_exercise_2_question_3.jpg
3664,370,"For the reaction N₂(g) + 3H₂(g) ⇌ 2NH₃(g), Kc = 4.34×10⁻³ at 450°C. What does this Kc value indicate?",The reaction favours products,The reaction favours reactants,The reaction has reached completion,The reaction is fast,B,1,7,,,,/uploads/questions/chemical_equilibrium_exercise_4_question_7.jpg
3665,370,A catalyst is added to an equilibrium system. What effect does this have on the equilibrium position?,Shifts to the right,Shifts to the left,No shift occurs,The system becomes unstable,C,1,8,,,,/uploads/questions/chemical_equilibrium_exercise_4_question_8.jpg
3666,370,"For the exothermic reaction 2NO₂(g) ⇌ N₂O₄(g), what colour change is observed when the temperature is decreased?",The brown colour intensifies (more NO₂),The brown colour fades (more N₂O₄),No colour change occurs,The colour changes to blue,B,1,9,,,,/uploads/questions/chemical_equilibrium_exercise_4_question_9.jpg
3667,370,"In the Contact Process, what is the main reason for using a moderate temperature of 450°C?",To maximise the yield of SO₃,To achieve a high rate of reaction while maintaining a reasonable yield,To prevent the formation of SO₂,To allow the catalyst to work,B,1,10,,,,/uploads/questions/chemical_equilibrium_exercise_4_question_10.jpg
3668,371,What is meant by dynamic equilibrium in a chemical reaction?,The forward reaction has stopped,The reverse reaction has stopped,Both reactions are occurring at equal rates,All reactants have been converted to products,C,1,1,,,,/uploads/questions/chemical_equilibrium_exercise_5_question_1.jpg
3669,371,"For the reaction 2A(g) + 3B(g) ⇌ 4C(g), removing C from the system will:",Favour the reverse reaction,Favour the forward reaction,Have no effect on equilibrium,Stop both reactions,B,1,2,,,,/uploads/questions/chemical_equilibrium_exercise_5_question_2.jpg
3670,371,Write the Kc expression for the reaction 2A(g) + B(g) ⇌ 2C(g).,Kc = [C]² / [A]²[B],Kc = [A]²[B] / [C]²,Kc = [C] / [A][B],Kc = [A][B] / [C]²,A,1,3,,,,/uploads/questions/chemical_equilibrium_exercise_5_question_3.jpg
3671,371,"In the Haber process, why is a pressure of approximately 200 atm used rather than a higher pressure?",Higher pressure would decrease the yield of NH₃,Higher pressure would be too expensive and dangerous,Higher pressure would favour the reverse reaction,Higher pressure destroys the catalyst,B,1,4,,,,/uploads/questions/chemical_equilibrium_exercise_5_question_4.jpg
3672,371,"For the reaction A(aq) + B(aq) ⇌ C(g) + D(l), what is the Kc expression?",Kc = [C] / [A][B],Kc = [A][B] / [C],Kc = [C][D] / [A][B],Kc = [A][B] / [C][D],A,1,5,,,,/uploads/questions/chemical_equilibrium_exercise_5_question_5.jpg
3673,371,"For the reaction CO(g) + H₂O(g) ⇌ CO₂(g) + H₂(g), adding more CO to the system will:",Favour the reverse reaction,Favour the forward reaction,Have no effect on equilibrium,Stop both reactions,B,1,6,,,,/uploads/questions/chemical_equilibrium_exercise_5_question_6.jpg
3674,371,"For the exothermic reaction 2SO₂(g) + O₂(g) ⇌ 2SO₃(g), how does Kc change with increasing temperature?",Kc increases,Kc decreases,Kc remains constant,Kc becomes zero,B,1,7,,,,/uploads/questions/chemical_equilibrium_exercise_5_question_7.jpg
3675,371,An inert gas is added to an equilibrium system at constant volume. What effect does this have on the equilibrium position?,Shifts to the right,Shifts to the left,No shift occurs,The system becomes unstable,C,1,8,,,,/uploads/questions/chemical_equilibrium_exercise_5_question_8.jpg
3676,371,"For the endothermic reaction N₂O₄(g) ⇌ 2NO₂(g), what colour change is observed when the temperature is increased?",The colourless gas intensifies (more N₂O₄),The brown colour intensifies (more NO₂),No colour change occurs,The colour changes to green,B,1,9,,,,/uploads/questions/chemical_equilibrium_exercise_5_question_9.jpg
3677,371,"In the Haber process, what is the main reason for using a moderate temperature of 450°C?",To maximise the yield of ammonia,To achieve a high rate of reaction while maintaining a reasonable yield,To prevent the decomposition of ammonia,To allow the catalyst to work,B,1,10,,,,/uploads/questions/chemical_equilibrium_exercise_5_question_10.jpg
3678,372,The chlor-alkali industry is based on the electrolysis of:,Sodium chloride solution,Hydrochloric acid,Sodium hydroxide solution,Chlorine gas,A,1,1,,,,/uploads/questions/chlor_alkali_exercise_1_question_1.jpg
3679,372,Which product of the chlor-alkali industry is a yellow-green poisonous gas used to disinfect water and produce PVC plastics?,H₂(g),Cl₂(g),NaOH(aq),NaCl(aq),B,1,2,,,,/uploads/questions/chlor_alkali_exercise_1_question_2.jpg
3680,372,"At the cathode of a membrane cell, the half-reaction is: 2H₂O + 2e⁻ → H₂(g) + 2OH⁻. Which process occurs at the cathode?",Oxidation,Neutralisation,Reduction,Sublimation,C,1,3,,,,/uploads/questions/chlor_alkali_exercise_1_question_3.jpg
3681,372,"A chlor-alkali plant is being designed. The engineers choose a cell that produces relatively pure Cl₂ mixed with a very small amount of O₂, produces NaOH(aq) of high purity, has the lowest energy consumption, and has the lowest environmental impact with non-toxic, reusable components. Which type of cell is being chosen?",Mercury cell,Diaphragm cell,Voltaic cell,Membrane cell,D,1,4,,,,/uploads/questions/chlor_alkali_exercise_1_question_4.jpg
3682,372,Sodium hydroxide (NaOH) is a product of the chlor-alkali industry. What is one of its main uses?,Production of soap and paper,Rocket fuel,Production of hydrochloric acid,Disinfecting water,A,1,5,,,,/uploads/questions/chlor_alkali_exercise_1_question_5.jpg
3683,372,"Which cell used in the chlor-alkali industry contains a diaphragm made from asbestos, posing health risks such as asbestosis and cancer to workers?",Mercury cell,Diaphragm cell,Membrane cell,Electrolytic cell,B,1,6,,,,/uploads/questions/chlor_alkali_exercise_1_question_6.jpg
3684,372,"Which product of the chlor-alkali industry is a colourless, explosive gas used in the hydrogenation of unsaturated hydrocarbons to produce margarine?",Cl₂(g),O₂(g),H₂(g),N₂(g),C,1,7,,,,/uploads/questions/chlor_alkali_exercise_1_question_7.jpg
3685,372,"In the membrane cell, the membrane is called a cationic membrane because:",It allows only negative ions (anions) to pass through,It allows both positive and negative ions to pass through,It allows no ions to pass through,It allows only positive ions (cations) to pass through,D,1,8,,,,/uploads/questions/chlor_alkali_exercise_1_question_8.jpg
3686,372,What is the overall reaction for the chlor-alkali industrial process?,2NaCl(aq) + 2H₂O(ℓ) → H₂(g) + Cl₂(g) + 2NaOH(aq),NaCl(aq) + H₂O(ℓ) → HCl(aq) + NaOH(aq),2NaCl(aq) → 2Na(s) + Cl₂(g),2NaOH(aq) + Cl₂(g) → NaCl(aq) + NaClO(aq) + H₂O(ℓ),A,1,9,,,,/uploads/questions/chlor_alkali_exercise_1_question_9.jpg
3687,372,Why are chlor-alkali plants (factories) built far from living areas?,The raw materials are difficult to transport,"The products are corrosive, poisonous, or explosive",The process requires very low temperatures,The process requires direct sunlight,B,1,10,,,,/uploads/questions/chlor_alkali_exercise_1_question_10.jpg
3688,373,Which chlor-alkali cell is considered the most environmentally friendly?,Mercury cell,Diaphragm cell,Membrane cell,All are equally safe,C,1,1,,,,/uploads/questions/chlor_alkali_exercise_2_question_1.jpg
3691,373,"In the membrane cell, which ions pass through the cationic membrane from the anode compartment to the cathode compartment?",Cl⁻ ions,OH⁻ ions,Na⁺ ions,Both Na⁺ and Cl⁻ ions,C,1,4,,,,/uploads/questions/chlor_alkali_exercise_2_question_4.jpg
3692,373,Hydrogen gas produced in the chlor-alkali industry is used for:,Disinfecting water,Producing bleach,Hydrogenation of unsaturated fats,Producing PVC,C,1,5,,,,/uploads/questions/chlor_alkali_exercise_2_question_5.jpg
3693,373,The reaction at the anode in the chlor-alkali industry is: 2Cl⁻ → Cl₂ + 2e⁻. What type of reaction is this?,Reduction,Oxidation,Neutralisation,Sublimation,B,1,6,,,,/uploads/questions/chlor_alkali_exercise_2_question_6.jpg
3694,373,What is a major disadvantage of the diaphragm cell?,It produces no chlorine gas,The NaOH product is contaminated with NaCl,It requires a very high temperature,It produces no hydrogen gas,B,1,7,,,,/uploads/questions/chlor_alkali_exercise_2_question_7.jpg
3695,373,Sodium hydroxide (NaOH) is a product of the chlor-alkali industry. What is another use for NaOH?,Production of margarine,Disinfecting water,Paper and soap production,Hydrogenation of unsaturated fats,C,1,8,,,,/uploads/questions/chlor_alkali_exercise_2_question_8.jpg
3696,373,Which chlor-alkali cell produces the purest NaOH without toxic materials?,Mercury cell,Diaphragm cell,Membrane cell,None of the above,C,1,9,,,,/uploads/questions/chlor_alkali_exercise_2_question_9.jpg
3697,373,What are the three main products of the chlor-alkali industry?,"HCl, NaOH, and H₂O","Cl₂, H₂, and NaOH","NaCl, Cl₂, and H₂","NaOH, NaCl, and HCl",B,1,10,,,,/uploads/questions/chlor_alkali_exercise_2_question_10.jpg
3698,374,Which cell type in the chlor-alkali industry is most energy efficient?,Mercury cell,Diaphragm cell,Membrane cell,All are equal,C,1,1,,,,/uploads/questions/chlor_alkali_exercise_3_question_1.jpg
3699,374,Chlorine gas produced in the chlor-alkali industry is used for:,Hydrogenation of oils,Disinfecting water,Soap production,Paper production,B,1,2,,,,/uploads/questions/chlor_alkali_exercise_3_question_2.jpg
3700,374,"In the mercury cell, what happens to the sodium metal produced at the cathode?",It reacts with chlorine to form NaCl,It dissolves in the mercury to form an amalgam,It reacts with water immediately,It forms a solid layer on the cathode,B,1,3,,,,/uploads/questions/chlor_alkali_exercise_3_question_3.jpg
3701,374,Why is the mercury cell being phased out?,It produces no chlorine,It releases toxic mercury into the environment,It is too expensive to operate,It produces no hydrogen,B,1,4,,,,/uploads/questions/chlor_alkali_exercise_3_question_4.jpg
3702,374,What is the cathode half-reaction in the chlor-alkali industry?,2Cl⁻ → Cl₂ + 2e⁻,2H₂O + 2e⁻ → H₂ + 2OH⁻,Na⁺ + e⁻ → Na,2H₂O → O₂ + 4H⁺ + 4e⁻,B,1,5,,,,/uploads/questions/chlor_alkali_exercise_3_question_5.jpg
3703,374,What health risk is associated with the diaphragm cell?,Mercury poisoning,Asbestosis and cancer from asbestos,Chlorine poisoning,Sodium hydroxide burns,B,1,6,,,,/uploads/questions/chlor_alkali_exercise_3_question_6.jpg
3704,374,Chlorine gas is used in the production of:,Margarine,Polyvinyl Chloride plastics,Soap,Paper,B,1,7,,,,/uploads/questions/chlor_alkali_exercise_3_question_7.jpg
3705,374,Why does the membrane in a membrane cell allow Na⁺ ions to pass through but not Cl⁻ ions?,The membrane is made of glass,"The membrane has a positive charge, repelling cations","The membrane has a negative charge, attracting cations and repelling anions",The membrane allows all ions to pass through,C,1,8,,,,/uploads/questions/chlor_alkali_exercise_3_question_8.jpg
3706,374,Which of the following is the correct balanced equation for the chlor-alkali process?,2NaCl + 2H₂O → 2NaOH + Cl₂ + H₂,NaCl + H₂O → NaOH + HCl,2NaCl + H₂O → 2NaOH + Cl₂,NaCl + 2H₂O → NaOH + Cl₂ + H₂,A,1,9,,,,/uploads/questions/chlor_alkali_exercise_3_question_9.jpg
3707,374,Which products of the chlor-alkali industry are hazardous to health?,NaCl only,"NaOH, Cl₂, and H₂",NaCl and NaOH only,NaOH only,B,1,10,,,,/uploads/questions/chlor_alkali_exercise_3_question_10.jpg
3708,375,"In the electrolysis of sodium chloride solution, electrons flow from the anode to the cathode through the:",Solution,External circuit,Membrane,Mercury,B,1,1,,,,/uploads/questions/chlor_alkali_exercise_4_question_1.jpg
3709,375,The reaction 2Cl⁻ → Cl₂ + 2e⁻ occurs at the:,Cathode,Anode,Membrane,Mercury,B,1,2,,,,/uploads/questions/chlor_alkali_exercise_4_question_2.jpg
3710,375,The asbestos diaphragm used in the diaphragm cell poses a health risk because:,It is made of mercury,It releases toxic chlorine gas,It causes asbestosis and cancer,It reacts with sodium hydroxide,C,1,3,,,,/uploads/questions/chlor_alkali_exercise_4_question_3.jpg
3711,375,"At the cathode in the chlor-alkali industry, water is reduced to:",O₂ and OH⁻,H₂ and OH⁻,H₂ and Cl₂,NaCl and H₂O,B,1,4,,,,/uploads/questions/chlor_alkali_exercise_4_question_4.jpg
3712,375,"In the mercury cell, why is the mercury pumped to a separate reactor?",To produce more chlorine,To allow the sodium amalgam to react with water to form NaOH and H₂,To remove impurities from the mercury,To cool the mercury,B,1,5,,,,/uploads/questions/chlor_alkali_exercise_4_question_5.jpg
3713,375,Which chlor-alkali cell has the lowest environmental impact?,Mercury cell,Diaphragm cell,Membrane cell,Mercury and diaphragm cell,C,1,6,,,,/uploads/questions/chlor_alkali_exercise_4_question_6.jpg
3714,375,Sodium hydroxide (NaOH) is a product of the chlor-alkali industry. What is a common name for NaOH?,Caustic soda,Baking soda,Washing soda,Soda ash,A,1,7,,,,/uploads/questions/chlor_alkali_exercise_4_question_7.jpg
3715,375,"In the membrane cell, why does NaOH form in the cathode compartment and not mix with NaCl in the anode compartment?",The membrane prevents OH⁻ from moving to the anode,The anode attracts OH⁻ ions,The cathode repels OH⁻ ions,NaOH is insoluble,A,1,8,,,,/uploads/questions/chlor_alkali_exercise_4_question_8.jpg
3716,375,Hydrogen gas produced in the chlor-alkali industry is used for:,Disinfecting water,Producing soap,Hydrogenation of unsaturated fats,Producing PVC,C,1,9,,,,/uploads/questions/chlor_alkali_exercise_4_question_9.jpg
3717,375,Which chlor-alkali cell has the lowest energy consumption?,Mercury cell,Diaphragm cell,Membrane cell,All have the same energy consumption,C,1,10,,,,/uploads/questions/chlor_alkali_exercise_4_question_10.jpg
3718,376,"In a membrane cell, what is the function of the cationic membrane?",To allow Cl⁻ ions to pass through,To allow Na⁺ ions to pass through while blocking Cl⁻ ions,To block all ions,To allow all ions to pass through,B,1,1,,,,/uploads/questions/chlor_alkali_exercise_5_question_1.jpg
3720,376,The diaphragm in the diaphragm cell is made of asbestos. What is the main risk of using asbestos?,It is corrosive,It is toxic if ingested,It causes respiratory diseases such as asbestosis,It is explosive,C,1,3,,,,/uploads/questions/chlor_alkali_exercise_5_question_3.jpg
3721,376,"At the anode in the chlor-alkali industry, chloride ions are:",Reduced to chlorine gas,Oxidised to chlorine gas,Neutralised to chlorine gas,Dissolved in mercury,B,1,4,,,,/uploads/questions/chlor_alkali_exercise_5_question_4.jpg
3722,376,The mercury cell produces a sodium amalgam (Na/Hg). What happens to this amalgam?,It is disposed of as waste,It is reacted with water to produce NaOH and H₂,It is reacted with chlorine to produce NaCl,It is heated to produce sodium metal,B,1,5,,,,/uploads/questions/chlor_alkali_exercise_5_question_5.jpg
3723,376,Which cells produce NaOH of high purity?,Mercury cell only,Diaphragm cell only,Mercury cell and membrane cell,All three cells,C,1,6,,,,/uploads/questions/chlor_alkali_exercise_5_question_6.jpg
3724,376,"In the overall reaction for the chlor-alkali process, what are the three products?","NaOH, Cl₂, and H₂","NaCl, HCl, and H₂","NaOH, HCl, and O₂","Na, Cl₂, and H₂O",A,1,7,,,,/uploads/questions/chlor_alkali_exercise_5_question_7.jpg
3725,376,Chlorine gas produced in the chlor-alkali industry is used for all of the following EXCEPT:,Disinfecting water,Producing PVC plastics,Hydrogenation of oils,Producing bleach,C,1,8,,,,/uploads/questions/chlor_alkali_exercise_5_question_8.jpg
3726,376,"In a membrane cell, why does Cl₂ form at the anode and H₂ at the cathode?",Cl⁻ ions are oxidised at the anode; H₂O is reduced at the cathode,Cl⁻ ions are reduced at the anode; H₂O is oxidised at the cathode,Both reactions occur at the same electrode,The reactions are reversed,A,1,9,,,,/uploads/questions/chlor_alkali_exercise_5_question_9.jpg
3727,376,Which products of the chlor-alkali industry require special safety precautions due to their hazardous nature?,NaCl only,NaOH only,Cl₂ and H₂ only,"Cl₂, H₂, and NaOH",D,1,10,,,,/uploads/questions/chlor_alkali_exercise_5_question_10.jpg
3728,377,The Doppler Effect refers to the change in frequency or pitch of sound or the colour of light when:,The wave source and observer move relative to each other,The wave source and observer are stationary,The wave source is stationary and the observer is stationary,The medium of wave propagation changes,A,1,1,,,,/uploads/questions/doppler_effect_exercise_1_question_1.jpg
3729,377,A car approaches a stationary listener with its hooter sounding. What happens to the sound waves in front of the car?,They are stretched out,They are compressed,They remain the same,They disappear,B,1,2,,,,/uploads/questions/doppler_effect_exercise_1_question_2.jpg
3730,377,A star moving away from Earth shows a red shift. This means that:,The wavelength of light from the star has decreased,The frequency of light from the star has increased,The wavelength of light from the star has increased,The star is moving towards Earth,C,1,3,,,,/uploads/questions/doppler_effect_exercise_1_question_3.jpg
3731,377,A Doppler flow meter is used to measure the rate of blood flow in a patient's blood vessels. A catheter connected to the meter is inserted into a blood vessel and emits sound waves at a very high frequency that humans cannot hear. Blood velocity through the heart causes a shift in the frequency of returning waves. What type of wave is used in a Doppler flow meter?,Radio waves,X-rays,Gamma rays,Ultrasound waves,D,1,4,,,,/uploads/questions/doppler_effect_exercise_1_question_4.jpg
3732,377,"The speed of light (and all other electromagnetic radiation) is constant at 3 × 10⁸ m·s⁻¹. For light, the relationship between speed, frequency and wavelength is:",c = fλ,c = f/λ,c = λ/f,c = f + λ,A,1,5,,,,/uploads/questions/doppler_effect_exercise_1_question_5.jpg
3733,377,"The wavelength of light is usually measured in nanometres (nm). If a wavelength is 500 nm, what is this in metres?",5 × 10⁻⁹ m,5 × 10⁻⁷ m,5 × 10⁻¹¹ m,5 × 10⁻⁵ m,B,1,6,,,,/uploads/questions/doppler_effect_exercise_1_question_6.jpg
3734,377,"For a stationary listener (VL = 0) and a source moving away at speed Vs, the Doppler formula is:",fL = V / (V - Vs) × fs,fL = (V + Vs) / V × fs,fL = V / (V + Vs) × fs,fL = (V - Vs) / V × fs,C,1,7,,,,/uploads/questions/doppler_effect_exercise_1_question_7.jpg
3735,377,Ultrasound waves are longitudinal waves with a frequency above:,20 Hz,200 Hz,2 000 Hz,20 000 Hz,D,1,8,,,,/uploads/questions/doppler_effect_exercise_1_question_8.jpg
3736,377,A star moving towards Earth shows a blue shift. This means that:,The wavelength of light has decreased,The star appears red,The star is moving away from Earth,The frequency of light has decreased,A,1,9,,,,/uploads/questions/doppler_effect_exercise_1_question_9.jpg
3737,377,"In the Doppler Effect formula fL = (V ± VL) / (V ± Vs) × fs, what is the sign convention for Vs when the source moves towards the listener?",Vs is positive (+),Vs is negative (-),Vs is zero,Vs is equal to V,B,1,10,,,,/uploads/questions/doppler_effect_exercise_1_question_10.jpg
3738,378,An ambulance approaches a stationary observer with its siren sounding. What happens to the pitch heard by the observer as the ambulance approaches?,The pitch increases (frequency increases),The pitch decreases (frequency decreases),The pitch remains the same,The pitch becomes zero,A,1,1,,,,/uploads/questions/doppler_effect_exercise_2_question_1.jpg
3739,378,An ambulance moves away from a stationary observer with its siren sounding. What happens to the pitch heard by the observer as the ambulance moves away?,The pitch increases (frequency increases),The pitch decreases (frequency decreases),The pitch remains the same,The pitch becomes zero,B,1,2,,,,/uploads/questions/doppler_effect_exercise_2_question_2.jpg
3740,378,What evidence from the spectrum of a star indicates that it is moving towards Earth?,Red shift (wavelength increases),Blue shift (wavelength decreases),No shift in the spectrum,The spectrum disappears,B,1,3,,,,/uploads/questions/doppler_effect_exercise_2_question_3.jpg
3741,378,"In a Doppler flow meter, the frequency shift is used to determine:",The temperature of the blood,The velocity of the blood flow,The colour of the blood,The type of blood cells,B,1,4,,,,/uploads/questions/doppler_effect_exercise_2_question_4.jpg
3742,378,"When a source moves through a medium, the wavelength in front of the source is:",λ = (V + Vs)/f,λ = V/f,λ = (V - Vs)/f,λ = Vs/f,C,1,5,,,,/uploads/questions/doppler_effect_exercise_2_question_5.jpg
3743,378,"For a stationary listener and a source moving away, the Doppler formula is:",fL = V/(V - Vs) × fs,fL = V/(V + Vs) × fs,fL = (V + Vs)/V × fs,fL = (V - Vs)/V × fs,B,1,6,,,,/uploads/questions/doppler_effect_exercise_2_question_6.jpg
3744,378,"For a stationary source and a listener moving towards it, the Doppler formula is:",fL = V/(V + VL) × fs,fL = V/(V - VL) × fs,fL = (V + VL)/V × fs,fL = (V - VL)/V × fs,C,1,7,,,,/uploads/questions/doppler_effect_exercise_2_question_7.jpg
3746,378,What does a red shift in the spectrum of a star indicate?,The star is moving towards Earth,The star is moving away from Earth,The star is stationary,The star is changing temperature,B,1,9,,,,/uploads/questions/doppler_effect_exercise_2_question_9.jpg
3747,378,What is the sign convention for VL when the listener moves away from the source?,VL is positive (+),VL is negative (-),VL is zero,VL is equal to V,B,1,10,,,,/uploads/questions/doppler_effect_exercise_2_question_10.jpg
3748,379,A listener moves towards a stationary sound source. What happens to the frequency heard by the listener?,The frequency increases,The frequency decreases,The frequency remains the same,The frequency becomes zero,A,1,1,,,,/uploads/questions/doppler_effect_exercise_3_question_1.jpg
3749,379,"A source moves towards a stationary listener with speed Vs = 30 m·s⁻¹. The speed of sound is V = 340 m·s⁻¹. If the source frequency is fs = 500 Hz, what is the frequency heard by the listener?",500 Hz,548 Hz,459 Hz,600 Hz,B,1,2,,,,/uploads/questions/doppler_effect_exercise_3_question_2.jpg
3750,379,"A source moves away from a stationary listener with speed Vs = 30 m·s⁻¹. The speed of sound is V = 340 m·s⁻¹. If the source frequency is fs = 500 Hz, what is the frequency heard by the listener?",500 Hz,548 Hz,459 Hz,600 Hz,C,1,3,,,,/uploads/questions/doppler_effect_exercise_3_question_3.jpg
3751,379,What is the frequency of red light with a wavelength of 700 nm? (c = 3 × 10⁸ m·s⁻¹),4.29 × 10¹⁴ Hz,4.29 × 10⁷ Hz,4.29 × 10¹⁵ Hz,4.29 × 10⁹ Hz,A,1,4,,,,/uploads/questions/doppler_effect_exercise_3_question_4.jpg
3752,379,A police car with its siren sounding at 1000 Hz approaches a stationary observer at 20 m·s⁻¹. What frequency does the observer hear? (Speed of sound = 340 m·s⁻¹),1000 Hz,1062.5 Hz,943 Hz,1020 Hz,B,1,5,,,,/uploads/questions/doppler_effect_exercise_3_question_5.jpg
3753,379,"A source and listener are both moving in the same direction. The source is moving towards the listener (Vs positive), and the listener is moving away (VL positive). What is the formula for the Doppler shift?",fL = (V + VL)/(V - Vs) × fs,fL = (V - VL)/(V - Vs) × fs,fL = (V + VL)/(V + Vs) × fs,fL = (V - VL)/(V + Vs) × fs,B,1,6,,,,/uploads/questions/doppler_effect_exercise_3_question_6.jpg
3754,379,"For light, the Doppler shift formula is Δλ/λ = v/c. If a star is moving away from Earth, how is the wavelength affected?",λ increases (red shift),λ decreases (blue shift),λ remains the same,λ becomes zero,A,1,7,,,,/uploads/questions/doppler_effect_exercise_3_question_7.jpg
3755,379,"In a Doppler flow meter, what does the frequency shift of reflected ultrasound waves indicate?",The colour of the blood,The direction and speed of blood flow,The temperature of the blood,The density of the blood,B,1,8,,,,/uploads/questions/doppler_effect_exercise_3_question_8.jpg
3756,379,"When a source moves towards a stationary listener, the frequency heard by the listener is:",Less than the source frequency,Greater than the source frequency,Equal to the source frequency,Zero,B,1,9,,,,/uploads/questions/doppler_effect_exercise_3_question_9.jpg
3757,379,What evidence supports the expansion of the universe?,The blue shift observed in nearly all galaxies,The red shift observed in nearly all galaxies,The lack of shift in galaxy spectra,The presence of absorption lines,B,1,10,,,,/uploads/questions/doppler_effect_exercise_3_question_10.jpg
3758,380,A train approaches a stationary observer with its horn sounding at 400 Hz. The train speed is 30 m·s⁻¹. The speed of sound is 340 m·s⁻¹. What frequency does the observer hear?,400 Hz,438.7 Hz,371.4 Hz,430 Hz,B,1,1,,,,/uploads/questions/doppler_effect_exercise_4_question_1.jpg
3759,380,A train moves away from a stationary observer with its horn sounding at 400 Hz. The train speed is 30 m·s⁻¹. The speed of sound is 340 m·s⁻¹. What frequency does the observer hear?,400 Hz,438.7 Hz,371.4 Hz,430 Hz,C,1,2,,,,/uploads/questions/doppler_effect_exercise_4_question_2.jpg
3760,380,A listener moves towards a stationary source at 20 m·s⁻¹. The source frequency is 500 Hz. The speed of sound is 340 m·s⁻¹. What frequency does the listener hear?,500 Hz,529.4 Hz,470.6 Hz,520 Hz,B,1,3,,,,/uploads/questions/doppler_effect_exercise_4_question_3.jpg
3761,380,A listener moves away from a stationary source at 20 m·s⁻¹. The source frequency is 500 Hz. The speed of sound is 340 m·s⁻¹. What frequency does the listener hear?,500 Hz,529.4 Hz,470.6 Hz,520 Hz,C,1,4,,,,/uploads/questions/doppler_effect_exercise_4_question_4.jpg
3762,380,What is the wavelength of violet light if its frequency is 7.5 × 10¹⁴ Hz? (c = 3 × 10⁸ m·s⁻¹),400 nm,500 nm,600 nm,700 nm,A,1,5,,,,/uploads/questions/doppler_effect_exercise_4_question_5.jpg
3763,380,A source and listener move away from each other. What is the Doppler formula?,fL = (V + VL)/(V - Vs) × fs,fL = (V - VL)/(V - Vs) × fs,fL = (V + VL)/(V + Vs) × fs,fL = (V - VL)/(V + Vs) × fs,D,1,6,,,,/uploads/questions/doppler_effect_exercise_4_question_6.jpg
3764,380,What happens to the frequency of sound heard by a stationary listener when the source moves away?,Frequency increases,Frequency decreases,Frequency remains the same,Frequency becomes zero,B,1,7,,,,/uploads/questions/doppler_effect_exercise_4_question_7.jpg
3765,380,What do doctors use Doppler flow meters to measure in patients?,Blood pressure,Blood flow velocity,Heart rate,Oxygen levels,B,1,8,,,,/uploads/questions/doppler_effect_exercise_4_question_8.jpg
3766,380,What does the observation of red shift in the spectra of distant galaxies indicate?,The universe is contracting,The universe is expanding,The universe is stationary,The universe is rotating,B,1,9,,,,/uploads/questions/doppler_effect_exercise_4_question_9.jpg
3767,380,"If a star is moving towards Earth, what is the relationship between the observed wavelength (λo) and the emitted wavelength (λs)?",λo > λs,λo < λs,λo = λs,λo = 0,B,1,10,,,,/uploads/questions/doppler_effect_exercise_4_question_10.jpg
3768,381,A source moves towards a stationary listener. The formula for the frequency heard by the listener is:,fL = V/(V - Vs) × fs,fL = V/(V + Vs) × fs,fL = (V + Vs)/V × fs,fL = (V - Vs)/V × fs,A,1,1,,,,/uploads/questions/doppler_effect_exercise_5_question_1.jpg
3769,381,A source emits a frequency of 600 Hz. The source moves away from a stationary listener at 20 m·s⁻¹. The speed of sound is 340 m·s⁻¹. What frequency does the listener hear?,600 Hz,637.5 Hz,566.7 Hz,620 Hz,C,1,2,,,,/uploads/questions/doppler_effect_exercise_5_question_2.jpg
3770,381,A listener moves towards a stationary source at 20 m·s⁻¹. The source frequency is 600 Hz. The speed of sound is 340 m·s⁻¹. What frequency does the listener hear?,600 Hz,635.3 Hz,565.7 Hz,620 Hz,B,1,3,,,,/uploads/questions/doppler_effect_exercise_5_question_3.jpg
3771,381,A listener moves away from a stationary source at 20 m·s⁻¹. The source frequency is 600 Hz. The speed of sound is 340 m·s⁻¹. What frequency does the listener hear?,600 Hz,635.3 Hz,564.7 Hz,620 Hz,C,1,4,,,,/uploads/questions/doppler_effect_exercise_5_question_4.jpg
3772,381,What is the frequency of yellow light with a wavelength of 580 nm? (c = 3 × 10⁸ m·s⁻¹),5.17 × 10¹⁴ Hz,5.17 × 10⁷ Hz,5.17 × 10¹⁵ Hz,5.17 × 10⁹ Hz,A,1,5,,,,/uploads/questions/doppler_effect_exercise_5_question_5.jpg
3773,381,What is the sign convention for Vs when the source moves towards the listener?,Vs is positive (+),Vs is negative (-),Vs is zero,Vs is equal to V,B,1,6,,,,/uploads/questions/doppler_effect_exercise_5_question_6.jpg
3774,381,"When a listener moves towards a stationary source, the frequency heard is:",Less than the source frequency,Greater than the source frequency,Equal to the source frequency,Zero,B,1,7,,,,/uploads/questions/doppler_effect_exercise_5_question_7.jpg
3775,381,"If a star is moving away from Earth with a speed of 0.1c, what is the fractional change in wavelength (Δλ/λ)?",0.001,0.01,0.1,1.0,C,1,8,,,,/uploads/questions/doppler_effect_exercise_5_question_8.jpg
3776,381,What technology uses the Doppler effect to measure the speed of vehicles?,Radar gun,Thermometer,Barometer,Speedometer,A,1,9,,,,/uploads/questions/doppler_effect_exercise_5_question_9.jpg
3777,381,What is the Doppler shift for light when a star is moving towards Earth?,Red shift (λ increases),Blue shift (λ decreases),No shift,The spectrum disappears,B,1,10,,,,/uploads/questions/doppler_effect_exercise_5_question_10.jpg
